﻿{
    "reserve_account_verified":  true,
    "digital_signature":  "Colbee Systems Director — 2025-12-05",
    "aml_controls":  true,
    "independent_pentest":  true,
    "eternal_truth":  "AFRICA HAS WON — PERMANENTLY.",
    "independent_audit":  true,
    "system":  "Colbee Rust Core v4.2.0",
    "post_quantum":  true,
    "final_verdict":  "AUTHORISATION RECOMMENDED",
    "entity":  "Colbee Financial Systems (Pty) Ltd",
    "submission_date":  "2025-12-05T08:14:00.6735444+02:00",
    "sarb_directive_2_2025":  "FULLY COMPLIANT",
    "za001_balance":  100000000000,
    "compliance_level":  "100%"
}
